Lookup Low,Lookup High,WL_P,Low A,High A,Low V,High V,Slope
6,9,980,7.56,10.56,1.472,1.502,0.9999999999999994078810535330
6,9,980,7.56,10.56,1.472,1.502,0.9999999999999994078810535330

